{
    "metadata": {
        "num_bands": 31,
        "min_freq": 20,
        "max_freq": 20000,
        "analysis_method": "advanced_spectral_analysis",
        "frequency_distribution": "logarithmic"
    },
    "bands": {
        "band_01": {
            "center_freq": 22.357183555108072,
            "lower_freq": 20.000000000000004,
            "upper_freq": 24.992182825839738,
            "gain_db": 14.644561767578125,
            "q_factor": 1.0
        },
        "band_02": {
            "center_freq": 27.937740944005935,
            "lower_freq": 24.992182825839738,
            "upper_freq": 31.23046012000995,
            "gain_db": 12.402148246765137,
            "q_factor": 1.0
        },
        "band_03": {
            "center_freq": 34.91125647067724,
            "lower_freq": 31.23046012000995,
            "upper_freq": 39.025868452719266,
            "gain_db": 9.29800033569336,
            "q_factor": 1.0
        },
        "band_04": {
            "center_freq": 43.625425219747314,
            "lower_freq": 39.025868452719266,
            "upper_freq": 48.76708196537659,
            "gain_db": 5.274446487426758,
            "q_factor": 1.0
        },
        "band_05": {
            "center_freq": 54.51473014734624,
            "lower_freq": 48.76708196537659,
            "upper_freq": 60.93979141807017,
            "gain_db": 1.441462516784668,
            "q_factor": 1.0
        },
        "band_06": {
            "center_freq": 68.12210512718971,
            "lower_freq": 60.93979141807017,
            "upper_freq": 76.15092042444745,
            "gain_db": -0.49664410948753357,
            "q_factor": 1.0
        },
        "band_07": {
            "center_freq": 85.12600529099,
            "lower_freq": 76.15092042444745,
            "upper_freq": 95.1588862801882,
            "gain_db": -2.298586845397949,
            "q_factor": 1.0
        },
        "band_08": {
            "center_freq": 106.37423437329117,
            "lower_freq": 95.1588862801882,
            "upper_freq": 118.91141417088791,
            "gain_db": -3.7699437141418457,
            "q_factor": 1.0
        },
        "band_09": {
            "center_freq": 132.92621567080099,
            "lower_freq": 118.91141417088791,
            "upper_freq": 148.592790151899,
            "gain_db": -4.690938472747803,
            "q_factor": 1.0
        },
        "band_10": {
            "center_freq": 166.10581421958307,
            "lower_freq": 148.592790151899,
            "upper_freq": 185.68290890389494,
            "gain_db": -5.5734992027282715,
            "q_factor": 1.0
        },
        "band_11": {
            "center_freq": 207.56734387053947,
            "lower_freq": 185.68290890389494,
            "upper_freq": 232.03106034799433,
            "gain_db": -6.0014753341674805,
            "q_factor": 1.0
        },
        "band_12": {
            "center_freq": 259.37805033432335,
            "lower_freq": 232.03106034799433,
            "upper_freq": 289.94813407452637,
            "gain_db": -6.171977996826172,
            "q_factor": 1.0
        },
        "band_13": {
            "center_freq": 324.12118274826355,
            "lower_freq": 289.94813407452637,
            "upper_freq": 362.3218388400827,
            "gain_db": -6.635610580444336,
            "q_factor": 1.0
        },
        "band_14": {
            "center_freq": 405.02479284860067,
            "lower_freq": 362.3218388400827,
            "upper_freq": 452.76068190428936,
            "gain_db": -6.546865940093994,
            "q_factor": 1.0
        },
        "band_15": {
            "center_freq": 506.122683593505,
            "lower_freq": 452.76068190428936,
            "upper_freq": 565.773886925194,
            "gain_db": -6.737206935882568,
            "q_factor": 1.0
        },
        "band_16": {
            "center_freq": 632.4555320336759,
            "lower_freq": 565.773886925194,
            "upper_freq": 706.9962210060212,
            "gain_db": -6.695120811462402,
            "q_factor": 1.0
        },
        "band_17": {
            "center_freq": 790.3222142899683,
            "lower_freq": 706.9962210060212,
            "upper_freq": 883.4689406280138,
            "gain_db": -6.69796895980835,
            "q_factor": 1.0
        },
        "band_18": {
            "center_freq": 987.5938635428694,
            "lower_freq": 883.4689406280138,
            "upper_freq": 1103.9908642563146,
            "gain_db": -5.500239849090576,
            "q_factor": 1.0
        },
        "band_19": {
            "center_freq": 1234.1063197670412,
            "lower_freq": 1103.9908642563146,
            "upper_freq": 1379.5570758775318,
            "gain_db": -6.652026176452637,
            "q_factor": 1.0
        },
        "band_20": {
            "center_freq": 1542.1505385071064,
            "lower_freq": 1379.5570758775318,
            "upper_freq": 1723.9071329506066,
            "gain_db": -8.270610809326172,
            "q_factor": 1.0
        },
        "band_21": {
            "center_freq": 1927.0854101668401,
            "lower_freq": 1723.9071329506066,
            "upper_freq": 2154.2101120735383,
            "gain_db": -7.109345436096191,
            "q_factor": 1.0
        },
        "band_22": {
            "center_freq": 2408.103544594901,
            "lower_freq": 2154.2101120735383,
            "upper_freq": 2691.9206483107287,
            "gain_db": -6.08706521987915,
            "q_factor": 1.0
        },
        "band_23": {
            "center_freq": 3009.1882025034242,
            "lower_freq": 2691.9206483107287,
            "upper_freq": 3363.848649761738,
            "gain_db": -4.258086681365967,
            "q_factor": 1.0
        },
        "band_24": {
            "center_freq": 3760.309085716281,
            "lower_freq": 3363.848649761738,
            "upper_freq": 4203.496022664975,
            "gain_db": -3.7432427406311035,
            "q_factor": 1.0
        },
        "band_25": {
            "center_freq": 4698.9166075943795,
            "lower_freq": 4203.496022664975,
            "upper_freq": 5252.7270553066655,
            "gain_db": -3.1572117805480957,
            "q_factor": 1.0
        },
        "band_26": {
            "center_freq": 5871.809147018671,
            "lower_freq": 5252.7270553066655,
            "upper_freq": 6563.855745022949,
            "gain_db": -0.8704853057861328,
            "q_factor": 1.0
        },
        "band_27": {
            "center_freq": 7337.466386036435,
            "lower_freq": 6563.855745022949,
            "upper_freq": 8202.254141102601,
            "gain_db": 1.071555495262146,
            "q_factor": 1.0
        },
        "band_28": {
            "center_freq": 9168.965069913802,
            "lower_freq": 8202.254141102601,
            "upper_freq": 10249.611753921854,
            "gain_db": -9.37540340423584,
            "q_factor": 1.0
        },
        "band_29": {
            "center_freq": 11457.622567551214,
            "lower_freq": 10249.611753921854,
            "upper_freq": 12808.008542394567,
            "gain_db": -0.8454937934875488,
            "q_factor": 1.0
        },
        "band_30": {
            "center_freq": 14317.549897885376,
            "lower_freq": 12808.008542394567,
            "upper_freq": 16005.004556322107,
            "gain_db": -7.04146671295166,
            "q_factor": 1.0
        },
        "band_31": {
            "center_freq": 17891.341233301715,
            "lower_freq": 16005.004556322107,
            "upper_freq": 20000.000000000004,
            "gain_db": -3.3534369468688965,
            "q_factor": 1.0
        }
    }
}