{
    "band_1": {
        "lower_freq": 20.0,
        "upper_freq": 664.516129032258,
        "gain": -0.7551265954971313
    },
    "band_2": {
        "lower_freq": 664.516129032258,
        "upper_freq": 1309.032258064516,
        "gain": -0.5467538237571716
    },
    "band_3": {
        "lower_freq": 1309.032258064516,
        "upper_freq": 1953.5483870967741,
        "gain": -0.41582614183425903
    },
    "band_4": {
        "lower_freq": 1953.5483870967741,
        "upper_freq": 2598.064516129032,
        "gain": -0.24483242630958557
    },
    "band_5": {
        "lower_freq": 2598.064516129032,
        "upper_freq": 3242.5806451612902,
        "gain": -0.24072249233722687
    },
    "band_6": {
        "lower_freq": 3242.5806451612902,
        "upper_freq": 3887.0967741935483,
        "gain": -0.2704846262931824
    },
    "band_7": {
        "lower_freq": 3887.0967741935483,
        "upper_freq": 4531.612903225807,
        "gain": -0.3960258960723877
    },
    "band_8": {
        "lower_freq": 4531.612903225807,
        "upper_freq": 5176.129032258064,
        "gain": -0.46442967653274536
    },
    "band_9": {
        "lower_freq": 5176.129032258064,
        "upper_freq": 5820.645161290322,
        "gain": -0.5454260110855103
    },
    "band_10": {
        "lower_freq": 5820.645161290322,
        "upper_freq": 6465.16129032258,
        "gain": -0.5653284788131714
    },
    "band_11": {
        "lower_freq": 6465.1612903225805,
        "upper_freq": 7109.677419354839,
        "gain": -0.597740650177002
    },
    "band_12": {
        "lower_freq": 7109.677419354839,
        "upper_freq": 7754.193548387097,
        "gain": -0.6197316646575928
    },
    "band_13": {
        "lower_freq": 7754.193548387097,
        "upper_freq": 8398.709677419354,
        "gain": -0.6413761973381042
    },
    "band_14": {
        "lower_freq": 8398.709677419354,
        "upper_freq": 9043.225806451612,
        "gain": -0.6555523872375488
    },
    "band_15": {
        "lower_freq": 9043.225806451614,
        "upper_freq": 9687.741935483871,
        "gain": -0.6596689820289612
    },
    "band_16": {
        "lower_freq": 9687.741935483871,
        "upper_freq": 10332.258064516129,
        "gain": -0.6665099263191223
    },
    "band_17": {
        "lower_freq": 10332.258064516129,
        "upper_freq": 10976.774193548386,
        "gain": -0.6809065341949463
    },
    "band_18": {
        "lower_freq": 10976.774193548386,
        "upper_freq": 11621.290322580644,
        "gain": -0.683779239654541
    },
    "band_19": {
        "lower_freq": 11621.290322580644,
        "upper_freq": 12265.806451612902,
        "gain": -0.6923453211784363
    },
    "band_20": {
        "lower_freq": 12265.806451612903,
        "upper_freq": 12910.322580645161,
        "gain": -0.6947010159492493
    },
    "band_21": {
        "lower_freq": 12910.322580645161,
        "upper_freq": 13554.838709677419,
        "gain": -0.6936830878257751
    },
    "band_22": {
        "lower_freq": 13554.838709677419,
        "upper_freq": 14199.354838709676,
        "gain": -0.6917935609817505
    },
    "band_23": {
        "lower_freq": 14199.354838709678,
        "upper_freq": 14843.870967741936,
        "gain": -0.6977323293685913
    },
    "band_24": {
        "lower_freq": 14843.870967741936,
        "upper_freq": 15488.387096774193,
        "gain": -0.7041746377944946
    },
    "band_25": {
        "lower_freq": 15488.387096774193,
        "upper_freq": 16132.90322580645,
        "gain": -0.7152554392814636
    },
    "band_26": {
        "lower_freq": 16132.90322580645,
        "upper_freq": 16777.41935483871,
        "gain": -0.7164890170097351
    },
    "band_27": {
        "lower_freq": 16777.41935483871,
        "upper_freq": 17421.935483870966,
        "gain": -0.7169698476791382
    },
    "band_28": {
        "lower_freq": 17421.935483870966,
        "upper_freq": 18066.451612903224,
        "gain": -0.7155698537826538
    },
    "band_29": {
        "lower_freq": 18066.451612903227,
        "upper_freq": 18710.967741935485,
        "gain": -0.7145208120346069
    },
    "band_30": {
        "lower_freq": 18710.967741935485,
        "upper_freq": 19355.483870967742,
        "gain": -0.7155219316482544
    },
    "band_31": {
        "lower_freq": 19355.483870967742,
        "upper_freq": 20000.0,
        "gain": -0.7184379696846008
    }
}